# Abrahamson, Silva, and Kamai (2014) Puerto Rico and U.S. Virgin Islands (PRVI) coefficients from USGS nshmp-lib (public domain, commit 44728a7d): src/main/resources/gmm/coeffs/ASK14_PRVI.csv. Column T is renamed to period (s) with PGA as 0 and PGV as -1, and the rows are sorted by period.
period,a1,a10
-1,5.491174,2.276111
0,0.100010,1.544896
0.01,0.100010,1.540640
0.02,0.146859,1.496374
0.03,0.186707,1.418057
0.05,0.363404,1.282444
0.075,0.719025,1.188947
0.1,0.981526,1.287005
0.15,1.279577,1.667059
0.2,1.480398,2.189871
0.25,1.520297,2.682921
0.3,1.456084,3.276410
0.4,1.212929,3.898252
0.5,1.071000,4.503879
0.75,0.799000,4.756255
1,0.543000,4.178919
1.5,0.165000,2.484591
2,-0.171000,0.416860
3,-0.560000,-0.731457
4,-0.799000,-0.852997
5,-1.062000,-0.524618
7.5,-1.726411,-0.376477
10,-2.182617,-0.259479
