# Abrahamson, Silva, and Kamai (2014) coefficients from USGS nshmp-lib (public domain, commit 44728a7d): src/main/resources/gmm/coeffs/ASK14.csv. Column T is renamed to period (s) with PGA as 0 and PGV as -1, and the rows are sorted by period. Rows commented out in nshmp-lib (6 s) are omitted.
period,Vlin,b,n,M1,c,c4,a1,a2,a3,a4,a5,a6,a7,a8,a10,a11,a12,a13,a14,a15,a16,a17,a43,a44,a45,a44cy,a45cy,a46,a25,a28,a29,a31,a36,a37,a38,a39,a40,a41,a42,s1e,s2e,s3,s4,s1m,s2m,s5,s6
-1,330,-2.020,1.5,6.750,2400,4.5,5.975,-0.919,0.275,-0.1,-0.41,2.3657,0,-0.094,2.360,0,-0.1,0.25,0.22,0.30,0,-0.0005,0.28,0.150,0.09,0.150,0.090,0.07,-0.0001,0.0005,-0.0037,-0.1462,0.377,0.212,0.157,0,0.095,-0.038,0.065,0.662,0.510,0.38,0.38,0.660,0.510,0.58,0.53
0,660,-1.470,1.5,6.750,2.4,4.5,0.587,-0.790,0.275,-0.1,-0.41,2.1541,0,-0.015,1.735,0,-0.1,0.60,-0.30,1.10,0,-0.0072,0.10,0.050,0.00,0.050,0.000,-0.05,-0.0015,0.0025,-0.0034,-0.1503,0.265,0.337,0.188,0,0.088,-0.196,0.044,0.754,0.520,0.47,0.36,0.741,0.501,0.54,0.63
0.01,660,-1.470,1.5,6.750,2.4,4.5,0.587,-0.790,0.275,-0.1,-0.41,2.1541,0,-0.015,1.735,0,-0.1,0.60,-0.30,1.10,0,-0.0072,0.10,0.050,0.00,0.050,0.000,-0.05,-0.0015,0.0025,-0.0034,-0.1503,0.265,0.337,0.188,0,0.088,-0.196,0.044,0.754,0.520,0.47,0.36,0.741,0.501,0.54,0.63
0.02,680,-1.459,1.5,6.750,2.4,4.5,0.598,-0.790,0.275,-0.1,-0.41,2.1461,0,-0.015,1.718,0,-0.1,0.60,-0.30,1.10,0,-0.0073,0.10,0.050,0.00,0.050,0.000,-0.05,-0.0015,0.0024,-0.0033,-0.1479,0.255,0.328,0.184,0,0.088,-0.194,0.061,0.760,0.520,0.47,0.36,0.747,0.501,0.54,0.63
0.03,770,-1.390,1.5,6.750,2.4,4.5,0.602,-0.790,0.275,-0.1,-0.41,2.1566,0,-0.015,1.615,0,-0.1,0.60,-0.30,1.10,0,-0.0075,0.10,0.050,0.00,0.050,0.000,-0.05,-0.0016,0.0023,-0.0034,-0.1447,0.249,0.320,0.180,0,0.093,-0.175,0.162,0.781,0.520,0.47,0.36,0.769,0.501,0.55,0.63
0.05,915,-1.219,1.5,6.750,2.4,4.5,0.707,-0.790,0.275,-0.1,-0.41,2.0845,0,-0.015,1.358,0,-0.1,0.60,-0.30,1.10,0,-0.0080,0.10,0.050,0.00,0.050,0.000,-0.05,-0.0020,0.0027,-0.0033,-0.1326,0.202,0.289,0.167,0,0.133,-0.090,0.451,0.810,0.530,0.47,0.36,0.798,0.512,0.56,0.65
0.075,960,-1.152,1.5,6.750,2.4,4.5,0.973,-0.790,0.275,-0.1,-0.41,2.0285,0,-0.015,1.258,0,-0.1,0.60,-0.30,1.10,0,-0.0089,0.10,0.050,0.00,0.050,0.000,-0.05,-0.0027,0.0032,-0.0029,-0.1353,0.126,0.275,0.173,0,0.186,0.090,0.506,0.810,0.540,0.47,0.36,0.798,0.522,0.57,0.69
0.1,910,-1.230,1.5,6.750,2.4,4.5,1.169,-0.790,0.275,-0.1,-0.41,2.0408,0,-0.015,1.310,0,-0.1,0.60,-0.30,1.10,0,-0.0095,0.10,0.050,0.00,0.050,0.000,-0.05,-0.0033,0.0036,-0.0025,-0.1128,0.022,0.256,0.189,0,0.160,0.006,0.335,0.810,0.550,0.47,0.36,0.795,0.527,0.57,0.70
0.15,740,-1.587,1.5,6.750,2.4,4.5,1.442,-0.790,0.275,-0.1,-0.41,2.1208,0,-0.022,1.660,0,-0.1,0.60,-0.30,1.10,0,-0.0095,0.10,0.050,0.00,0.050,0.000,-0.05,-0.0035,0.0033,-0.0025,0.0383,-0.136,0.162,0.108,0,0.068,-0.156,-0.084,0.801,0.560,0.47,0.36,0.773,0.519,0.58,0.70
0.2,590,-2.012,1.5,6.750,2.4,4.5,1.637,-0.790,0.275,-0.1,-0.41,2.2241,0,-0.030,2.220,0,-0.1,0.60,-0.30,1.10,0,-0.0086,0.10,0.050,0.00,0.050,0.000,-0.03,-0.0033,0.0027,-0.0031,0.0775,-0.078,0.224,0.115,0,0.048,-0.274,-0.178,0.789,0.565,0.47,0.36,0.753,0.514,0.59,0.70
0.25,495,-2.411,1.5,6.750,2.4,4.5,1.701,-0.790,0.275,-0.1,-0.41,2.3124,0,-0.038,2.770,0,-0.1,0.60,-0.24,1.10,0,-0.0074,0.10,0.050,0.00,0.050,0.000,0.00,-0.0029,0.0024,-0.0036,0.0741,0.037,0.248,0.122,0,0.055,-0.248,-0.187,0.770,0.570,0.47,0.36,0.729,0.513,0.61,0.70
0.3,430,-2.757,1.5,6.750,2.4,4.5,1.712,-0.790,0.275,-0.1,-0.41,2.3383,0,-0.045,3.250,0,-0.1,0.60,-0.19,1.03,0,-0.0064,0.10,0.050,0.03,0.050,0.030,0.03,-0.0027,0.0020,-0.0039,0.2548,-0.091,0.203,0.096,0,0.073,-0.203,-0.159,0.740,0.580,0.47,0.36,0.693,0.519,0.63,0.70
0.4,360,-3.278,1.5,6.750,2.4,4.5,1.662,-0.790,0.275,-0.1,-0.41,2.4688,0,-0.055,3.990,0,-0.1,0.58,-0.11,0.92,0,-0.0043,0.10,0.070,0.06,0.070,0.060,0.06,-0.0023,0.0010,-0.0048,0.2136,0.129,0.232,0.123,0,0.143,-0.154,-0.023,0.699,0.590,0.47,0.36,0.644,0.524,0.66,0.70
0.5,340,-3.599,1.5,6.750,2.4,4.5,1.571,-0.790,0.275,-0.1,-0.41,2.5586,0,-0.065,4.450,0,-0.1,0.56,-0.04,0.84,0,-0.0032,0.10,0.100,0.10,0.100,0.100,0.09,-0.0020,0.0008,-0.0050,0.1542,0.310,0.252,0.134,0,0.160,-0.159,-0.029,0.676,0.600,0.47,0.36,0.616,0.532,0.69,0.70
0.75,330,-3.800,1.5,6.750,2.4,4.5,1.299,-0.790,0.275,-0.1,-0.41,2.6821,0,-0.095,4.750,0,-0.1,0.53,0.07,0.68,0,-0.0025,0.14,0.140,0.14,0.140,0.140,0.13,-0.0010,0.0007,-0.0041,0.0787,0.505,0.208,0.129,0,0.158,-0.141,0.061,0.631,0.615,0.47,0.36,0.566,0.548,0.73,0.69
1,330,-3.500,1.5,6.750,2.4,4.5,1.043,-0.790,0.275,-0.1,-0.41,2.7630,0,-0.110,4.300,0,-0.1,0.50,0.15,0.57,0,-0.0025,0.17,0.170,0.17,0.170,0.170,0.14,-0.0005,0.0007,-0.0032,0.0476,0.358,0.208,0.152,0,0.145,-0.144,0.062,0.609,0.630,0.47,0.36,0.541,0.565,0.77,0.68
1.5,330,-2.400,1.5,6.750,2.4,4.5,0.665,-0.790,0.275,-0.1,-0.41,2.8355,0,-0.124,2.600,0,-0.1,0.42,0.27,0.42,0,-0.0022,0.22,0.210,0.20,0.210,0.200,0.16,-0.0004,0.0006,-0.0020,-0.0163,0.131,0.108,0.118,0,0.131,-0.126,0.037,0.578,0.640,0.47,0.36,0.506,0.576,0.80,0.66
2,330,-1.000,1.5,6.750,2.4,4.5,0.329,-0.790,0.275,-0.1,-0.41,2.8973,0,-0.138,0.550,0,-0.1,0.35,0.35,0.31,0,-0.0019,0.26,0.250,0.22,0.048,0.114,0.16,-0.0002,0.0003,-0.0017,-0.1203,0.123,0.068,0.119,0,0.083,-0.075,-0.143,0.555,0.650,0.47,0.36,0.480,0.587,0.80,0.62
3,330,0.000,1.5,6.820,2.4,4.5,-0.060,-0.790,0.275,-0.1,-0.41,2.9061,0,-0.172,-0.950,0,-0.1,0.20,0.46,0.16,0,-0.0015,0.34,0.300,0.23,0.092,0.223,0.16,0.0000,0.0000,-0.0020,-0.2719,0.109,-0.023,0.093,0,0.070,-0.021,-0.028,0.548,0.640,0.47,0.36,0.472,0.576,0.80,0.55
4,330,0.000,1.5,6.920,2.4,4.5,-0.299,-0.790,0.275,-0.1,-0.41,2.8888,0,-0.197,-0.950,0,-0.1,0.00,0.54,0.05,0,-0.0010,0.41,0.320,0.23,0.202,0.333,0.14,0.0000,0.0000,-0.0020,-0.2958,0.135,0.028,0.084,0,0.101,0.072,-0.097,0.527,0.630,0.47,0.36,0.447,0.565,0.76,0.52
5,330,0.000,1.5,7.000,2.4,4.5,-0.562,-0.765,0.275,-0.1,-0.41,2.8984,0,-0.218,-0.930,0,-0.1,0.00,0.61,-0.04,0,-0.0010,0.51,0.320,0.22,0.270,0.399,0.13,0.0000,0.0000,-0.0020,-0.2718,0.189,0.031,0.058,0,0.095,0.205,0.015,0.505,0.630,0.47,0.36,0.425,0.568,0.72,0.50
7.5,330,0.000,1.5,7.145,2.4,4.5,-1.303,-0.634,0.275,-0.1,-0.41,2.8700,0,-0.255,-0.870,0,-0.2,0.00,0.72,-0.19,0,-0.0010,0.49,0.275,0.17,0.354,0.426,0.09,0.0000,0.0000,-0.0020,-0.1400,0.150,-0.070,0.000,0,0.151,0.329,0.299,0.457,0.630,0.47,0.36,0.378,0.575,0.67,0.50
10,330,0.000,1.5,7.250,2.4,4.5,-1.928,-0.529,0.275,-0.1,-0.41,2.8431,0,-0.285,-0.800,0,-0.2,0.00,0.80,-0.30,0,-0.0010,0.42,0.220,0.14,0.343,0.334,0.08,0.0000,0.0000,-0.0020,-0.0216,0.092,-0.159,-0.050,0,0.124,0.301,0.243,0.429,0.630,0.47,0.36,0.359,0.585,0.64,0.50
