# Abrahamson and Gulerce (2020) Puerto Rico and U.S. Virgin Islands coefficients from USGS nshmp-lib (public domain, commit 44728a7d): src/main/resources/gmm/coeffs/AG20_PRVI.csv. Column T is renamed to period (s) with PGA as 0. The PGV row (all zeros) is omitted.
period,a1,a12
0,4.231460,0.837440
0.010,4.231460,0.841893
0.020,4.313005,0.888204
0.030,4.412425,0.970140
0.050,4.685226,1.081178
0.075,4.998929,1.269813
0.100,5.122073,1.401638
0.150,5.026701,1.535869
0.200,4.560296,1.661716
0.250,4.239528,1.864562
0.300,4.011563,2.065596
0.400,3.692345,2.306578
0.500,3.391024,2.286510
0.750,2.682906,1.946194
1.000,2.057081,1.194859
1.500,1.141810,0.292267
2.000,0.579113,-0.319829
3.000,-0.073568,-0.387049
4.000,-0.395306,-0.251597
5.000,-0.401691,-0.276511
7.500,-0.213756,-0.115066
10.000,-0.457705,0.154784
