# Boore, Stewart, Seyhan, and Atkinson (2014) Puerto Rico and U.S. Virgin Islands (PRVI) coefficients from USGS nshmp-lib (public domain, commit 44728a7d): src/main/resources/gmm/coeffs/BSSA14_PRVI.csv. Column T is renamed to period (s) with PGA as 0 and PGV as -1, and the rows are sorted by period.
period,e0,e1,e2,e3,c
-1,4.675043,4.716043,4.487043,4.671043,-0.780803
0,0.227080,0.265380,0.025680,0.233680,-0.671040
0.01,0.233180,0.271380,0.031680,0.239680,-0.669915
0.02,0.297625,0.335235,0.108715,0.300395,-0.658223
0.03,0.412670,0.452710,0.247420,0.401340,-0.637536
0.05,0.661601,0.706291,0.513761,0.634501,-0.605927
0.075,0.951373,0.994603,0.763683,0.943203,-0.556935
0.1,1.103768,1.143868,0.864068,1.122368,-0.595389
0.15,1.220514,1.259114,0.975814,1.243414,-0.698380
0.2,1.246939,1.280439,1.043439,1.262839,-0.819554
0.25,1.170551,1.195651,0.976751,1.199151,-0.906351
0.3,1.014469,1.032869,0.817369,1.058069,-0.975928
0.4,0.796806,0.813606,0.589856,0.847406,-0.935211
0.5,0.595726,0.616876,0.387316,0.637816,-0.758863
0.75,0.284589,0.312929,0.090789,0.307289,-0.581741
1,0.044709,0.073309,-0.141491,0.063909,-0.500341
1.5,-0.409800,-0.378920,-0.574060,-0.403960,-0.488941
2,-0.787031,-0.750371,-0.915001,-0.806921,-0.426449
3,-1.313013,-1.265213,-1.353213,-1.389613,-0.359811
4,-1.811312,-1.747312,-1.839812,-1.924112,-0.330273
5,-2.130107,-2.052307,-2.188607,-2.256907,-0.341318
7.5,-2.575587,-2.476487,-2.806687,-2.674487,-0.334391
10,-2.960726,-2.844226,-3.268126,-3.063126,-0.319834
