# Campbell and Bozorgnia (2014) Puerto Rico and U.S. Virgin Islands (PRVI) coefficients from USGS nshmp-lib (public domain, commit 44728a7d): src/main/resources/gmm/coeffs/CB14_PRVI.csv. Column T is renamed to period (s) with PGA as 0 and PGV as -1, and the rows are sorted by period.
period,c0,c11
-1,-3.247153,1.599216
0,-4.613841,0.739270
0.01,-4.562841,0.743633
0.02,-4.539151,0.789008
0.03,-4.208460,0.869285
0.05,-3.650080,0.977528
0.075,-3.447354,1.145322
0.1,-3.661126,1.353218
0.15,-4.856228,1.598558
0.2,-5.325344,1.825802
0.25,-5.944513,1.981220
0.3,-6.536944,2.109112
0.4,-7.861155,2.312280
0.5,-8.861913,2.426036
0.75,-10.341000,2.253892
1,-11.511000,1.599763
1.5,-12.969000,0.708306
2,-13.469000,-0.008712
3,-13.806000,-0.223412
4,-14.456718,-0.199092
5,-14.777822,-0.176150
7.5,-15.511216,-0.164241
10,-15.797316,-0.155192
