# Chiou and Youngs (2014) Puerto Rico and U.S. Virgin Islands (PRVI) coefficients from USGS nshmp-lib (public domain, commit 44728a7d): src/main/resources/gmm/coeffs/CY14_PRVI.csv. Column T is renamed to period (s) with PGA as 0 and PGV as -1, and the rows are sorted by period.
period,c1,phi1
-1,2.035926,-0.790785
0,-1.751990,-0.680768
0.01,-1.751990,-0.679588
0.02,-1.713348,-0.667316
0.03,-1.518806,-0.645603
0.05,-1.126922,-0.612014
0.075,-0.825866,-0.562308
0.1,-0.646102,-0.604818
0.15,-0.677426,-0.714245
0.2,-0.760909,-0.839752
0.25,-0.991358,-0.930582
0.3,-1.343565,-1.000428
0.4,-1.676554,-0.955063
0.5,-1.896048,-0.766910
0.75,-2.284414,-0.579016
1,-2.615428,-0.489047
1.5,-3.091087,-0.473297
2,-3.343071,-0.416976
3,-3.601300,-0.354175
4,-3.946600,-0.325048
5,-4.214300,-0.333374
7.5,-4.700900,-0.333374
10,-5.046100,-0.333374
