# Kuehn et al. (2020) coefficients from USGS nshmp-lib (public domain, commit 44728a7d): src/main/resources/gmm/coeffs/KBCG20.csv. Column T is renamed to period (s) with PGV as -1 and PGA as 0.
period,mu_theta_1_if,mu_theta_1_slab,theta_2_if,theta_2_slab,theta_3,theta_4_if,theta_4_slab,theta_5,mu_theta_6,mu_theta_6b,mu_theta_7,theta_9_if,theta_9_slab,theta_6xc,theta_1_slab_Ca_smallM,theta_1_if_reg_Al,theta_1_if_reg_Ca,theta_1_slab_reg_Al,theta_1_slab_reg_Ca,theta_7_reg_Al,theta_7_reg_Ca,theta_6_x1_reg_Al,theta_6_x1_reg_Ca,theta_6_x2_reg_Al,theta_6_x2_reg_Ca,theta_6_x3_reg_Al,theta_6_x3_reg_Ca,theta_6_1_reg_Al,theta_6_1_reg_Ca,theta_6_2_reg_Al,theta_6_2_reg_Ca,theta_6_3_reg_Al,theta_6_3_reg_Ca,dzb_if,dzb_slab,nft_1,nft_2,phi,tau,intercept_Ca,slope_Ca,mean_residual_Seattle_basin,k1,k2,rho
-1,6.43354267500000000,9.43573316249999000,-2.21743602500000000,-2.66950613750000000,0.12788449500000000,1.01448334875000000,1.30757812500000000,0.12371600461297500,-0.00134772011875000,-0.00234212021250000,1.68767499999999000,0.01615139841250000,0.01552129485000000,-0.33514998375000000,8.75391257500000000,6.19251388750000050,6.43341767500000000,9.81467740000000000,9.44157082500000000,1.24664610750000020,1.55887652500000000,-0.00280327481737500,-0.00261538673200000,-0.00271237720900000,-0.00243982488246250,-0.00211504841921250,-0.00236445129050000,-0.00224741945095000,-0.00234768440812500,-0.0016560034874999999,-0.00130970451624999,-0.00265441243087499,-0.00251713521568749,12.56609473012500000,-13.35906592125000000,0.93637921875000000,0.21094257624999900,0.5114864862499990,0.4509846125000000,-0.0122779738212500,0.1184420885749990,0.1199772963764210,400,-1.955,0.684
0,3.71530665150607000,4.78908035894147000,-2.46089636556818000,-2.43809938329545000,0.10393058013863600,0.95218740056818100,1.10501155039772000,0.12815098434904000,-0.00263475903057806,-0.00525388344119318,0.88767874955613600,0.02548065514043750,0.02238516850099880,-0.60416597554020400,3.57824349081732000,3.32458285214015100,3.60030487429659000,4.14982979708333300,4.48616021413306000,0.55114046782575720,0.66252706865340900,-0.00557395228979147,-0.00554069021264539,-0.00650469514210056,-0.00674830617560460,-0.00541333607146250,-0.00527016201243977,-0.00474498828843585,-0.00489212559229047,-0.0027272490272231060,-0.00378871976419590,-0.00517814048075284,-0.00498329933845284,16.81605756255130000,-15.84125344518060000,0.89458888246477200,0.19885130462563600,0.5957552781542040,0.4887447436408860,-0.0337543011974999,0.0208005117165000,-0.1263686670808610,865,-1.186,1.000
0.01,3.57565336400607000,4.55957198394147000,-2.42891673931818000,-2.39502805454545000,0.10431805850113600,0.94537398306818200,1.10860675914772000,0.12914600933054200,-0.00269942395843056,-0.00528372743369318,0.89243798212613600,0.02505819844431250,0.02196359730099880,-0.59199813679020400,3.39407159081732000,3.11167852714015060,3.48033492429659000,3.92338017208333320,4.30917356413306000,0.57292457257575720,0.66708283152840900,-0.00597288565966647,-0.00574610753139539,-0.00640516457335056,-0.00670327989435460,-0.00530564671896250,-0.00531235149318977,-0.00475369465700585,-0.00506323633629047,-0.0027608408729731058,-0.00391940266149090,-0.00521725426625284,-0.00521220280220284,16.82381310005130000,-16.12506073268060000,0.89642352085227200,0.19909180231613600,0.5995956091828170,0.4942297306981360,-0.0343736696365000,0.0204038130637500,-0.1267226818904300,865,-1.186,1.000
0.02,3.71648861400607000,4.80820664644147000,-2.45974835806818000,-2.44322420454545000,0.10471132908863600,0.95882358681818100,1.11623595789772000,0.13240695270902800,-0.00261421124356556,-0.00532380195869318,0.93026146902863600,0.02717822328431250,0.02327710565099880,-0.61977214304020400,3.58483199081732000,3.27298570214015070,3.60150186179659000,4.24921055958333300,4.49227222663306000,0.60605026177200730,0.70721802427840900,-0.00594893249091647,-0.00574252757139539,-0.00644256593460056,-0.00694352819935460,-0.00531572867896250,-0.00537703581943977,-0.00483925465808085,-0.00500660159004047,-0.0027374108768231060,-0.00378757501150215,-0.00523829532500284,-0.00529115059970284,16.66218907505130000,-16.28403214518060000,0.89716840722727200,0.19915063071863600,0.5924150602567040,0.5054583984445110,-0.0346620150505000,0.0182334659853874,-0.1286414529035760,865,-1.219,0.998
0.03,4.01920393900607000,5.16719759644147000,-2.51383431181818000,-2.49644485704545000,0.10453127425113600,0.97309647431818100,1.10926845414772000,0.13484283459690300,-0.00254814875019831,-0.00544187246869318,1.01275289049738000,0.02934384920431250,0.02453943042599880,-0.65499344054020400,3.87863886581732000,3.59964306464015050,3.88152752429659000,4.60123380958333300,4.78006617663306000,0.71587269427813230,0.78276629572840900,-0.00587506384341647,-0.00576606366514539,-0.00659115720835056,-0.00721076442435460,-0.00543282429396250,-0.00549826759193977,-0.00496659857745585,-0.00503643325379047,-0.0027362345351356057,-0.00368317662203465,-0.00529970927500284,-0.00534617437845284,17.18166097505130000,-16.31449000768060000,0.89640517097727200,0.19890973509988600,0.6044302265497540,0.5116676788877610,-0.0320141891537500,0.0140461856900000,-0.1328607520809560,908,-1.273,0.986
0.05,4.54476877650607000,5.64030262144147000,-2.58945035431818000,-2.54106663329545000,0.10337604955113600,0.99123533806818200,1.09051330789772000,0.13730139025940300,-0.00255005889273681,-0.00567635653744318,1.18801310002613000,0.03191143244181250,0.02575994957599880,-0.69256595554020400,4.28845597831732000,4.15351907714015100,4.38781256179659000,4.99344755958333300,5.19163010163306000,0.98675923632575730,0.95935351291715900,-0.00588501774716647,-0.00584770194139539,-0.00685825384585056,-0.00756448477435460,-0.00567756374271250,-0.00573261050193977,-0.00521831694995585,-0.00519553984004047,-0.0028107084873106060,-0.00368030341546215,-0.00549839798375284,-0.00549565927595284,18.32074493755130000,-16.30017630768060000,0.89348017135227200,0.19820987730168600,0.6380188910454540,0.5157928553473860,-0.0280092881247500,-0.0163937062972500,-0.1790409302576120,1054,-1.346,0.938
0.075,4.92094318900607000,5.84823789644147000,-2.61989635681818000,-2.52555551829545000,0.10154598815113600,1.00033109931818000,1.07853239414772000,0.13791527682190300,-0.00267277300058306,-0.00593334223994318,1.37227389602613000,0.03282257492931250,0.02579157995099880,-0.69546339179020400,4.49733641581733000,4.55898207714015100,4.76879699929659000,5.12087687208333350,5.40968843913306000,1.24419448507575740,1.18336669927840000,-0.00604043044966647,-0.00597088992514539,-0.00708373469585056,-0.00776153012435460,-0.00593187971146250,-0.00599506860193977,-0.00546272115370585,-0.00544879165879047,-0.0029120964410606060,-0.00388377712186590,-0.00573893646375284,-0.00572112432470284,18.92369876255130000,-16.24007110768060000,0.88943391517727200,0.19737532504321000,0.6661195944204540,0.5148726858696360,-0.0335819776925000,-0.0602722122199999,-0.2616584235970590,1086,-1.471,0.887
0.1,5.07348977650607000,5.83085425894147000,-2.60832279056818000,-2.47787886329545000,0.09978816871951130,1.00191266681818000,1.07872935914772000,0.13733085404690300,-0.00282076845543181,-0.00607345810244318,1.53142352727613000,0.03244789766681250,0.02508070895099880,-0.67648287554020400,4.51911965331732000,4.74425860214015050,4.93774203679659000,5.06968268458333250,5.43721065163306000,1.39956489257575760,1.38211765052840000,-0.00622657422091647,-0.00607503217514539,-0.00716077292085056,-0.00779396468685460,-0.00610763356146250,-0.00615404642693977,-0.00562542623870585,-0.00564679695254047,-0.0030092394848106056,-0.00413891325449090,-0.00591743018250284,-0.00585862746470284,18.75864933755130000,-16.14727660768060000,0.88575663832727200,0.19669797017863600,0.6783689035454540,0.5119746911504230,-0.0252276517350000,-0.0770671793891250,-0.2767744621533510,1032,-1.624,0.870
0.15,5.02599052650608000,5.53106672144147000,-2.53173790806818000,-2.36128315829545000,0.09688566471217380,0.99717351556818100,1.09942755414772000,0.13497344205940300,-0.00308474440318181,-0.00617734221494318,1.80094061102613000,0.03022571412931250,0.02299559832599880,-0.62026638304020400,4.32885655331733000,4.76803106464015100,4.92751943679659000,4.79227928458333350,5.24230120163306000,1.54930635632575720,1.68245103677840000,-0.00650789175466647,-0.00619979650014539,-0.00713083305835056,-0.00765498006185460,-0.00622302174896250,-0.00628282108943977,-0.00577276504870585,-0.00587158257629047,-0.0031430204198106060,-0.00458988718074090,-0.00615060908250284,-0.00603087838970284,17.28657500005130000,-15.87766608268060000,0.87990337150776100,0.19576544647613600,0.6777399611704540,0.5055153710315110,-0.0328573277886250,-0.0513862654200000,-0.2466803898762030,878,-1.931,0.876
0.2,4.76966060150608000,5.13267753394147000,-2.43429889181818000,-2.25296309079545000,0.09474540373863630,0.99094187181818100,1.13154674039772000,0.13235534276090300,-0.00327310796193181,-0.00615249052744318,2.01548211102613000,0.02752013705431250,0.02084771957599880,-0.56379376679020400,4.03881982831732000,4.57991197714015100,4.70209879929659000,4.47069352208333400,4.93235490163306000,1.62948428007575720,1.88959074302840000,-0.00665119372966647,-0.00619582215014539,-0.00696883123335056,-0.00742434566185460,-0.00621643568646250,-0.00627594761443977,-0.00581479193620585,-0.00595136348879047,-0.0032350358448106060,-0.00491611798074090,-0.00626381653250284,-0.00608059426470284,15.32167741255130000,-15.52663778268060000,0.87569102621477200,0.19522027927613600,0.6646542176704540,0.5000763452497610,-0.0345878582837500,-0.0166555040525000,-0.1741978020581600,748,-2.188,0.870
0.25,4.44134756400607000,4.73797674644147000,-2.33821633306818000,-2.16215032018295000,0.09317722411363630,0.98666885556818200,1.16660035789772000,0.12994530974224300,-0.00341341921568181,-0.00606515233994318,2.18252760852613000,0.02491722063681250,0.01890656771349880,-0.51376628054020400,3.73869885331733000,4.31101186464015100,4.39680104929659000,4.16818017208333300,4.60452440163306000,1.69997167757575740,2.04194509177840000,-0.00668761676716647,-0.00612593192514539,-0.00675960980835056,-0.00717776671185460,-0.00615824731146250,-0.00619944133943977,-0.00580378281120585,-0.00594156415129047,-0.0032885123060606056,-0.00514004694324090,-0.00627250990750284,-0.00606039377720284,13.37493716255130000,-15.12641285768060000,0.87263581492727200,0.19491649521363600,0.6495278240454540,0.4958463838394360,-0.0312403536787500,0.0355237645887500,-0.0879957400774202,654,-2.381,0.850
0.3,4.09596001400608000,4.37473103394147000,-2.25020478681818000,-2.08803224518295000,0.09203187253863630,0.98505610556818100,1.20125777664772000,0.12784598013077700,-0.00350811620068181,-0.00595433801494318,2.30734233352613000,0.02257519022386250,0.01720678816349880,-0.47036754679020400,3.45550907831732000,4.01511702714015100,4.06802623679659000,3.89653669708333350,4.29040508913306000,1.76786809007575750,2.15615485427840000,-0.00665379015466647,-0.00603246632514539,-0.00653414088335056,-0.00694330526185460,-0.00605600567396250,-0.00609595328943977,-0.00575855639870585,-0.00590535378879047,-0.0033321615523106054,-0.00527624153074090,-0.00623462104500284,-0.00598904916470284,11.61349725005130000,-14.69940528268060000,0.87039882885227200,0.19476567773863600,0.6357872376704540,0.4926091882576360,-0.0272221354216249,0.0518000118811250,-0.0465493869379656,587,-2.518,0.819
0.4,3.43344915150607000,3.75721994644147000,-2.10293457176318000,-1.97931716829545000,0.09058377252613630,0.98915013681818200,1.26504902002272000,0.12450528699076500,-0.00362024331318181,-0.00570997685119318,2.44403938352613000,0.01872305021652500,0.01444628567949880,-0.39916532429020400,2.96207806456732000,3.42476896464015020,3.42568313679659000,3.43947645083333330,3.73444035913306000,1.87194714757575740,2.28797000427840000,-0.00648515815466647,-0.00582093580889539,-0.00610176335835056,-0.00650413424560460,-0.00584277074896250,-0.00583951668818977,-0.00560324477870585,-0.00573153543504047,-0.0033608362385606060,-0.00541019918074090,-0.00610066490750284,-0.00582285492720284,8.76819993470134000,-13.81827288268060000,0.86754338333977200,0.19472646242613600,0.6153148660279540,0.4882146112111360,-0.0457149848235000,0.1106590303499990,0.0230177631508052,503,-2.657,0.743
0.5,2.84643500775607000,3.26524375519147000,-1.98999121931818000,-1.90787109079545000,0.08984832868863630,1.00067955431818000,1.32012616839772000,0.12209205174940300,-0.00362750093943181,-0.00545408584994318,2.45167373352613000,0.01582269312556250,0.01234473566773630,-0.34227223754020400,2.55912231206732000,2.88187748714015070,2.84840013554659000,3.07143332208333300,3.27407764163306000,1.90377508507575700,2.30268772927840000,-0.00623535365091647,-0.00558015385764539,-0.00572033291210056,-0.00612029564935460,-0.00559100284021250,-0.00557313005818977,-0.00541613763995585,-0.00551860622754047,-0.0033204880548106056,-0.00539339686824090,-0.00588766779875284,-0.00560132566595284,6.72811905005134000,-12.94797860768060000,0.86601745872727200,0.19487602197613600,0.6032629576288290,0.4856069831882980,-0.0315995070480000,0.1292815735637500,0.0992291400854352,457,-2.669,0.684
0.75,1.70163956750607000,2.39883659269147000,-1.81138453806818000,-1.81896574829545000,0.08951754850113630,1.04732075556818000,1.42601516251022000,0.11861392077190300,-0.00347012349193181,-0.00489192718244318,2.09648032477613000,0.01135166831681250,0.00882091095099886,-0.23391511454020400,1.82761351656732000,1.77365556007227560,1.70893744979659000,2.38835490523333330,2.42991724675806000,1.67520480132575740,1.96923566927840000,-0.00557649766091647,-0.00501987526014539,-0.00496337617727681,-0.00535470114177835,-0.00502660712021250,-0.00497411602268977,-0.00494665550120585,-0.00500454291129047,-0.0031113848535606060,-0.00504877756824090,-0.00533183025750284,-0.00506322297470284,3.96475978755134000,-10.95322734104810000,0.86498259310227200,0.19551974553863600,0.5947733308204540,0.4828586154892610,-0.0327785116713750,0.1849075141250000,0.2095787498528150,410,-2.401,0.562
1,0.89049178275607900,1.82961628769147000,-1.71999295806818000,-1.79148054329545000,0.09009553510113630,1.10381375706818000,1.50092609914772000,0.11715700763440300,-0.00321828926068181,-0.00440500949984568,1.51638172352613000,0.00916806524181250,0.00664453260099886,-0.15085226554020400,1.33004211956732000,0.94772339464015050,0.89484976179659100,1.89290935458333300,1.85576713788306000,1.21457942882575720,1.40036149802840000,-0.00496181354651522,-0.00453716431022914,-0.00440044240960056,-0.00476874675810460,-0.00453724245900750,-0.00446230725753977,-0.00451838061397335,-0.00453151318017297,-0.0028877417598106056,-0.00456492607949090,-0.00479572472778409,-0.00459240338635409,2.99839585005134000,-9.25585225143062000,0.86559615960227200,0.19622691389613600,0.5989700398990790,0.4823293133293860,-0.0290576632962500,0.1739156650000000,0.2367573510178350,400,-1.955,0.467
1.5,-0.17509672349392000,1.09015417144147000,-1.65268821306818000,-1.79780400954545000,0.09189675148863630,1.21594672655568000,1.60075645039772000,0.11677325594690300,-0.00274786614415681,-0.00368375842244318,0.45984440477613600,0.00781530974181250,0.00402030342599886,-0.02374996429020440,0.66176101581732900,-0.18855119785984975,-0.17763312570340800,1.16736227208333300,1.09742715163306000,0.29950468632575733,0.35654995177840900,-0.00402750619966647,-0.00378476945139539,-0.00363758279585056,-0.00392303038685460,-0.00379039444521250,-0.00370918913818977,-0.00382812855120585,-0.00379547508754047,-0.0024612840600856055,-0.00366681280733215,-0.00395001465250284,-0.00382734851970284,2.95858963755134000,-6.60057452018062000,0.86803580923977200,0.19745858077687300,0.6115462705974920,0.4828495517885110,-0.0238756625718750,0.2017152947500000,0.2864001134279560,400,-1.025,0.364
2,-0.85422668599392000,0.58659329644147800,-1.64603491181818000,-1.82503017579545000,0.09368431981363630,1.31370522806818000,1.66631953539772000,0.11765090205940300,-0.00233963345668181,-0.00317236766494318,-0.17602426647386300,0.00806953864181250,0.00239810826349885,0.06932271195979540,0.19429627831732900,-0.93481614785984910,-0.85988328820340800,0.62667122208333330,0.58232737663306700,-0.29013836992424270,-0.26281832572159000,-0.00337686472966647,-0.00325821657514539,-0.00313648628335056,-0.00332940068685460,-0.00325694526146250,-0.00317591347693977,-0.00330939210870585,-0.00326543606129047,-0.0021015726010606057,-0.00292096886074090,-0.00333003539750284,-0.00327134312595284,3.46776646255134000,-4.64626270768062000,0.87053362098977200,0.19840547618113600,0.6173484483654540,0.4835358319488860,-0.0392178679167500,0.2309818237500000,0.3518032085311830,400,-0.299,0.298
3,-1.70759677349392000,-0.14618399105852100,-1.67662934306818000,-1.87587593454545000,0.09650182896691670,1.46311951431818000,1.75268385664772000,0.12019128304690300,-0.00175650156193181,-0.00249479513994318,-0.59241542897386300,0.00982004195431250,0.00027875345099886,0.18661626945979500,-0.49617338418267000,-1.86130394785984940,-1.71232598820340000,-0.16446047791666762,-0.15487036086693200,-0.71825782742424270,-0.63810638322159000,-0.00257239546716647,-0.00253216420014539,-0.00250860717085056,-0.00253802029935460,-0.00255584039896250,-0.00247356565193977,-0.00260866208620585,-0.00254096008879047,-0.0015843458035606057,-0.00190997890574090,-0.00252030640750284,-0.00254705517720284,3.92726955005134000,-1.99422930768062000,0.87444553306477200,0.19969443605738600,0.6092907960541920,0.4840217702594610,0.0004206101260000,0.2105056661250000,0.4173649719138350,400,0.000,0.234
4,-2.25767963599392000,-0.71121305355852100,-1.70983007056818000,-1.90828447704545000,0.09843825512163630,1.56604592806818000,1.81176117914772000,0.12261168190940300,-0.00137654188818181,-0.00204442431494318,-0.58538901647386300,0.01172361405431250,-0.00118311267400114,0.24231055820979500,-1.03228853418267000,-2.41549166035984970,-2.25837598820340000,-0.72473405291666640,-0.71467758586693200,-0.73943967742424250,-0.59214979572159000,-0.00211073711716647,-0.00204643240014539,-0.00211546375835056,-0.00202879511185460,-0.00209960449896250,-0.00202558986443977,-0.00215913124870585,-0.00206824066379047,-0.0012662693560606061,-0.00129589068074090,-0.00201753615750284,-0.00208264225220284,3.37065583755134000,-0.30537460768062400,0.87706425878277200,0.20049441103863600,0.5877881626704540,0.4836002449380110,0.0188317992733750,0.2449471109999990,0.4480023888736240,400,0.000,0.202
5,-2.66361591099392000,-1.18257704105852000,-1.73263621806818000,-1.92582947454545000,0.09977376183113630,1.63788257806818000,1.85744710164772000,0.12465424102615300,-0.00112358894693181,-0.00173380373994318,-0.51267076647386300,0.01338683452931250,-0.00231093404900114,0.25902658445979500,-1.48132887168267000,-2.78204016035984920,-2.66021281320340000,-1.13927707791666680,-1.17959966086693000,-0.68261871492424280,-0.48793749572159000,-0.00182256439216647,-0.00170759790014539,-0.00184497462085056,-0.00167989667435460,-0.00178681386146250,-0.00171841293943977,-0.00185380107370585,-0.00174070705129047,-0.0010581228060606060,-0.00091329403074091,-0.00169061275750283,-0.00177003290220284,2.12962662505134000,0.84070409231937500,0.87880376025307200,0.20102562657613600,0.5621016326704540,0.4827299868137230,0.0163826869337499,0.2616374853750000,0.5213250587396350,400,0.000,0.184
7.5,-3.36809698599392000,-2.10067419105852000,-1.75001916931818000,-1.93339738829545000,0.10159385500113600,1.73864384306818000,1.94135771289772000,0.12832777602066500,-0.00082611543443182,-0.00127994763994318,-0.43158695397386300,0.01639851929916250,-0.00428654192400113,0.20913418820979500,-2.36368050918267000,-3.37662110820568140,-3.35772090070340000,-2.09855716537142060,-2.08904604836693000,-0.63111739496590900,-0.36470869572159000,-0.00146012460466647,-0.00122193440014539,-0.00144393499585056,-0.00118244384935460,-0.00134435282396250,-0.00128101808943977,-0.00142675419870585,-0.00126054378879047,-0.0008683313285795446,-0.00049466405574091,-0.00126329208250284,-0.00135408291470284,-2.25430409994865000,2.47242809231937000,0.88100489127139700,0.20173223546363600,0.5009223279204540,0.4800250316625110,0.0128902409197500,0.2206654077500000,0.4850463520930520,400,0.000,0.176
10,-3.83777899849392000,-2.76899926605852000,-1.73529519306818000,-1.91814352829545000,0.10231214273863600,1.78043809556818000,2.00091285039772000,0.13064258851115300,-0.00072843083443182,-0.00104178597744318,-0.42849062897386300,0.01828197954219500,-0.00554141104900113,0.10122130570979500,-3.01709892168267000,-3.81291770820568100,-3.82434771320340000,-2.73557517787142000,-2.75994464836693000,-0.56952668246590930,-0.36212348322159000,-0.00130421691716647,-0.00096851026264540,-0.00122800312085056,-0.00095636276185460,-0.00112260244896250,-0.00106937617693977,-0.00123783912370585,-0.00101089150129047,-0.0008300401410795454,-0.00039022849324091,-0.00108408352000283,-0.00116637795220284,-6.94908347494865000,3.23920646731937000,0.88169214463339700,0.20200422957613600,0.4533781439204540,0.4774830077976360,0.0157572783350000,0.1863367382500000,0.4027341099642990,400,0.000,0.154
