# Kuehn et al. (2020) Puerto Rico and U.S. Virgin Islands coefficients from USGS nshmp-lib (public domain, commit 44728a7d): src/main/resources/gmm/coeffs/KBCG20_PRVI.csv. Column T is renamed to period (s) with PGV as -1 and PGA as 0.
period,mu_c_1_if,mu_c_1_slab,mu_c_7
-1,5.945427,8.947617,1.550953
0,3.215307,4.289080,0.891983
0.010,3.075653,4.059572,0.894711
0.020,3.216489,4.308207,0.923087
0.030,3.519204,4.667198,0.973291
0.050,4.044769,5.140303,1.028079
0.075,4.420943,5.348238,1.183673
0.100,4.573490,5.330854,1.384370
0.150,4.525991,5.031067,1.622562
0.200,4.269661,4.632678,1.768642
0.250,3.941348,4.237977,1.915817
0.300,3.595960,3.874731,2.087022
0.400,2.933449,3.257220,2.342705
0.500,2.346435,2.765244,2.400412
0.750,1.201640,1.898837,2.162990
1.000,0.390492,1.329616,1.472408
1.500,-0.675097,0.590154,0.557185
2.000,-1.354227,0.086593,-0.116976
3.000,-2.207597,-0.646184,-0.273778
4.000,-2.757680,-1.211213,-0.211695
5.000,-3.082556,-1.601517,-0.219371
7.500,-3.521071,-2.253648,-0.252856
10.000,-3.850592,-2.781812,-0.307994
