# Parker et al. (2020) interface coefficients from USGS nshmp-lib (public domain, commit 44728a7d): src/main/resources/gmm/coeffs/PSBAH20_interface.csv. Column T is renamed to period (s) with PGA as 0 and PGV as -1. Rows commented out in nshmp-lib (0.025, 0.04, and 2.5 s) are omitted.
period,Global_c0,Alaska_c0,Aleutian_c0,Cascadia_c0,c1,b4,Global_a0,Alaska_a0,Cascadia_a0,c4,c5,c6,V1,V2,Vref,Global_s2,Alaska_s2,Cascadia_s2,f4,f5,C_e1,C_e2,C_e3,del_None,del_Seattle,Tau,phi21,phi22,phi2V,VM,phi2S2S0,a1,phi2SS1,phi2SS2,a2
-1,8.097,9.283796298,8.374796298,7.728,-1.661,0.1,-3.95E-03,-4.04E-03,-3.95E-03,1.336,-0.039,1.336,270,850,760,-0.601,-1.031,-0.671,-0.31763,-0.00520,0,0.115,0.068,-0.115,0,0.477,0.348,0.288,-0.179,423,0.142,0.047,0.153,0.166,0.011
0,4.082,4.458796298,3.652796298,3.856,-1.662,0.1,-6.57E-03,-5.41E-03,-6.57E-03,1.246,-0.021,1.128,270,1350,760,-0.498,-0.785,-0.572,-0.44169,-0.00520,0,0,1,0,0,0.480,0.396,0.565,-0.180,423,0.221,0.093,0.149,0.327,0.068
0.01,3.714,4.094796298,3.288796298,3.488,-1.587,0.1,-6.57E-03,-5.41E-03,-6.57E-03,1.246,-0.021,1.128,270,1300,760,-0.498,-0.803,-0.571,-0.48590,-0.00520,0,0,1,0,0,0.476,0.397,0.560,-0.180,423,0.223,0.098,0.148,0.294,0.071
0.02,3.762,4.132796298,3.338796298,3.536,-1.593,0.1,-6.57E-03,-5.41E-03,-6.57E-03,1.227,-0.021,1.128,270,1225,760,-0.478,-0.785,-0.575,-0.48590,-0.00518,0,0,1,0,0,0.482,0.401,0.563,-0.181,423,0.227,0.105,0.149,0.294,0.073
0.03,4.014,4.386796298,3.535796298,3.788,-1.630,0.1,-6.57E-03,-5.41E-03,-6.57E-03,1.215,-0.021,1.128,270,1200,760,-0.446,-0.690,-0.565,-0.49080,-0.00511,0,0,1,0,0,0.500,0.413,0.589,-0.188,423,0.239,0.145,0.153,0.313,0.077
0.05,4.456,4.745796298,3.959796298,4.230,-1.687,0.1,-6.57E-03,-5.41E-03,-6.57E-03,1.201,-0.021,1.128,270,1225,760,-0.420,-0.594,-0.519,-0.49823,-0.00497,0.100,-0.100,-0.063,-0.050,0,0.528,0.473,0.653,-0.230,423,0.285,0.200,0.167,0.330,0.077
0.075,4.742,4.972796298,4.231796298,4.516,-1.715,0.1,-6.57E-03,-5.41E-03,-6.57E-03,1.190,-0.021,1.128,270,1350,760,-0.442,-0.586,-0.497,-0.49724,-0.00489,0.300,-0.340,-0.200,-0.075,0.078,0.530,0.529,0.722,-0.262,423,0.339,0.205,0.184,0.299,0.063
0.1,4.952,5.160796298,4.471796298,4.726,-1.737,0.1,-6.57E-03,-5.41E-03,-6.57E-03,1.182,-0.021,1.128,270,1450,760,-0.485,-0.629,-0.486,-0.49471,-0.00478,0.333,-0.377,-0.222,-0.081,0.075,0.524,0.517,0.712,-0.239,423,0.347,0.185,0.176,0.310,0.061
0.15,5.080,5.285796298,4.665796298,4.848,-1.745,0.1,-6.57E-03,-5.41E-03,-6.57E-03,1.171,-0.021,1.162,270,1500,760,-0.546,-0.729,-0.499,-0.48583,-0.00460,0.290,-0.290,-0.193,-0.091,0.064,0.510,0.457,0.644,-0.185,423,0.313,0.123,0.164,0.307,0.076
0.2,5.035,5.277796298,4.661796298,4.798,-1.732,0.1,-6.57E-03,-5.41E-03,-6.57E-03,1.163,-0.021,1.163,270,1425,760,-0.612,-0.867,-0.533,-0.47383,-0.00434,0.177,-0.192,-0.148,-0.092,0.075,0.501,0.432,0.640,-0.138,423,0.277,0.110,0.163,0.301,0.070
0.25,4.859,5.154796298,4.503796298,4.618,-1.696,0.1,-6.57E-03,-5.41E-03,-6.57E-03,1.156,-0.021,1.156,270,1350,760,-0.688,-1.011,-0.592,-0.47696,-0.00402,0.100,-0.035,-0.054,0,0,0.492,0.450,0.633,-0.185,423,0.260,0.119,0.169,0.233,0.077
0.3,4.583,4.910796298,4.276796298,4.340,-1.643,0.1,-6.57E-03,-5.41E-03,-6.57E-03,1.151,-0.021,1.151,270,1250,760,-0.748,-1.133,-0.681,-0.48450,-0.00370,0,0,1,0,0,0.492,0.436,0.584,-0.158,423,0.254,0.092,0.159,0.220,0.065
0.4,4.180,4.548796298,3.919796298,3.935,-1.580,0.1,-6.57E-03,-5.41E-03,-6.57E-03,1.143,-0.022,1.143,270,1150,760,-0.802,-1.238,-0.772,-0.48105,-0.00342,0,0.050,0.2,0,0,0.492,0.433,0.556,-0.190,423,0.230,0.044,0.158,0.222,0.064
0.5,3.752,4.168796298,3.486796298,3.505,-1.519,0.1,-6.57E-03,-5.41E-03,-6.57E-03,1.143,-0.023,1.143,270,1025,760,-0.845,-1.321,-0.838,-0.46492,-0.00322,0,0.100,0.2,0,0,0.492,0.428,0.510,-0.186,423,0.225,0.038,0.160,0.243,0.044
0.75,3.085,3.510796298,2.710796298,2.837,-1.440,0.1,-6.35E-03,-4.78E-03,-6.35E-03,1.217,-0.026,1.217,270,900,760,-0.911,-1.383,-0.922,-0.43439,-0.00312,0,0.200,0.125,-0.200,0.012,0.492,0.448,0.471,-0.177,422,0.218,0.040,0.175,0.241,0.040
1,2.644,3.067796298,2.238796298,2.396,-1.419,0.1,-5.80E-03,-4.15E-03,-5.80E-03,1.270,-0.028,1.240,270,800,760,-0.926,-1.414,-0.932,-0.38484,-0.00310,0,0.245,0.153,-0.245,0.037,0.492,0.430,0.430,-0.166,422,0.227,0.015,0.195,0.195,0.043
1.5,2.046,2.513796298,1.451796298,1.799,-1.400,0.1,-5.05E-03,-3.42E-03,-5.05E-03,1.344,-0.031,1.237,270,760,760,-0.888,-1.430,-0.814,-0.32318,-0.00310,0,0.320,0.200,-0.320,0.064,0.492,0.406,0.406,-0.111,422,0.244,-0.047,0.204,0.204,-0.034
2,1.556,2.061796298,0.906796298,1.310,-1.391,0.1,-4.29E-03,-2.90E-03,-4.29E-03,1.396,-0.034,1.232,270,760,760,-0.808,-1.421,-0.725,-0.26577,-0.00310,0,0.370,0.239,-0.280,0.140,0.492,0.393,0.393,0,422,0.231,-0.036,0.196,0.196,-0.036
3,0.920,1.456796298,0.099796298,0.675,-1.416,0.1,-3.21E-03,-2.17E-03,-3.21E-03,1.470,-0.038,1.223,270,760,760,-0.669,-1.343,-0.570,0,-0.00310,0,0.430,0.287,-0.355,0.165,0.492,0.367,0.367,0,419,0.199,-0.030,0.177,0.177,-0.011
4,0.595,1.207796298,-0.356203702,0.352,-1.452,0.1,-2.44E-03,-1.65E-03,-2.44E-03,1.523,-0.044,1.216,270,760,760,-0.585,-1.297,-0.489,0,-0.00310,0,0.440,0.303,-0.417,0.163,0.492,0.330,0.330,0,416,0.191,-0.042,0.158,0.158,0.033
5,0.465,1.131796298,-0.601203702,0.223,-1.504,0.1,-1.60E-03,-1.25E-03,-1.60E-03,1.564,-0.048,1.210,270,760,760,-0.506,-1.233,-0.421,0,-0.00310,0,0.450,0.321,-0.450,0.132,0.492,0.298,0.298,0,415,0.181,0.005,0.132,0.132,0.014
7.5,0.078,0.758796298,-1.137203702,-0.162,-1.569,0.1,-7.66E-04,-5.19E-04,-7.66E-04,1.638,-0.059,1.200,270,760,760,-0.418,-1.147,-0.357,0,-0.00310,0,0.406,0.312,-0.350,0.150,0.492,0.254,0.254,0,419,0.181,-0.016,0.113,0.113,0.016
10,0.046,0.708796298,-1.290203702,-0.193,-1.676,0.1,0.00E+00,0.00E+00,0.00E+00,1.690,-0.067,1.194,270,760,760,-0.321,-1.060,-0.302,0,-0.00310,0,0.345,0.265,-0.331,0.117,0.492,0.231,0.231,0,427,0.181,0.040,0.110,0.110,0.017
