# Parker et al. (2020) Puerto Rico and U.S. Virgin Islands (PRVI) coefficients from USGS nshmp-lib (public domain, commit 44728a7d): src/main/resources/gmm/coeffs/PSBAH20_PRVI.csv. Column T is renamed to period (s) with PGA as 0 and PGV as -1. Rows commented out in nshmp-lib (0.025, 0.04, and 2.5 s) are omitted.
period,c0,c0slab,s2
-1,7.717860,12.814860,-0.773859
0,4.111367,9.936367,-0.800685
0.010,3.743367,9.991367,-0.801155
0.020,3.833003,10.170003,-0.806039
0.030,4.126638,10.423638,-0.814681
0.050,4.651910,11.019910,-0.831436
0.075,5.042000,11.384000,-0.820421
0.100,5.164273,11.444273,-0.850851
0.150,5.380000,11.611000,-0.894368
0.200,5.335000,11.355000,-0.959266
0.250,5.159000,11.103000,-0.967509
0.300,4.878049,10.964049,-0.935228
0.400,4.390166,10.326166,-0.815982
0.500,3.912443,9.739443,-0.622630
0.750,3.118022,8.870022,-0.443897
1.000,2.649682,8.072682,-0.333188
1.500,1.996753,6.779753,-0.284818
2.000,1.465149,5.780149,-0.250106
3.000,1.045855,4.955855,-0.236470
4.000,0.795274,4.373274,-0.240896
5.000,0.765000,4.133000,-0.240896
7.500,0.378000,3.432000,-0.240896
10.000,0.346000,3.020000,-0.240896
