# Parker et al. (2020) intraslab coefficients from USGS nshmp-lib (public domain, commit 44728a7d): src/main/resources/gmm/coeffs/PSBAH20_slab.csv. Column T is renamed to period (s) with PGA as 0 and PGV as -1. Rows commented out in nshmp-lib (0.025, 0.04, and 2.5 s) are omitted.
period,Global_c0,Alaska_c0,Aleutian_c0,Cascadia_c0,c1,b4,Global_a0,Alaska_a0,Cascadia_a0,c4,c5,c6,d,m,db,V1,V2,Vref,Global_s2,Alaska_s2,Cascadia_s2,f4,f5,C_e1,C_e2,C_e3,del_None,del_Seattle,Tau,phi21,phi22,phi2V,VM,phi2S2S0,a1,phi2SS1,phi2SS2,a2
-1,13.194,12.790,13.600,12.874,-2.422,0.1,-1.90E-03,-2.38E-03,-1.09E-03,1.840,-0.050,0.800,0.2693,0.0252,67,270,850,760,-0.601,-1.031,-0.671,-0.31763,-0.00520,0,0.115,0.068,-0.115,0,0.477,0.348,0.288,-0.179,423,0.142,0.047,0.153,0.166,0.011
0,9.907,9.404,9.912,9.600,-2.543,0.1,-2.55E-03,-2.27E-03,-3.54E-03,1.840,-0.050,0.400,0.3004,0.0314,67,270,1350,760,-0.498,-0.785,-0.572,-0.44169,-0.00520,0,0,1,0,0,0.480,0.396,0.565,-0.180,423,0.221,0.093,0.149,0.327,0.068
0.01,9.962,9.451,9.954,9.802,-2.554,0.1,-2.55E-03,-2.19E-03,-4.01E-03,1.840,-0.050,0.400,0.2839,0.0296,67,270,1300,760,-0.498,-0.803,-0.571,-0.48590,-0.00520,0,0,1,0,0,0.476,0.397,0.560,-0.180,423,0.223,0.098,0.148,0.294,0.071
0.02,10.099,9.587,10.086,9.933,-2.566,0.1,-2.55E-03,-2.19E-03,-4.01E-03,1.884,-0.050,0.415,0.2854,0.0298,67,270,1225,760,-0.478,-0.785,-0.575,-0.48590,-0.00518,0,0,1,0,0,0.482,0.401,0.563,-0.181,423,0.227,0.105,0.149,0.294,0.073
0.03,10.311,9.808,10.302,10.133,-2.594,0.1,-2.55E-03,-2.19E-03,-4.01E-03,1.884,-0.050,0.445,0.2932,0.0306,67,270,1200,760,-0.446,-0.690,-0.565,-0.49080,-0.00511,0,0,1,0,0,0.500,0.413,0.589,-0.188,423,0.239,0.145,0.153,0.313,0.077
0.05,10.824,10.379,10.862,10.634,-2.649,0.1,-2.55E-03,-2.19E-03,-4.01E-03,1.884,-0.050,0.475,0.3048,0.0316,67,270,1225,760,-0.420,-0.594,-0.519,-0.49823,-0.00497,0.100,-0.100,-0.063,-0.050,0,0.528,0.473,0.653,-0.230,423,0.285,0.200,0.167,0.330,0.077
0.075,11.084,10.650,11.184,10.888,-2.650,0.1,-2.55E-03,-2.19E-03,-4.01E-03,1.884,-0.050,0.490,0.2992,0.0321,67,270,1350,760,-0.442,-0.586,-0.497,-0.49724,-0.00489,0.300,-0.340,-0.200,-0.075,0.078,0.530,0.529,0.722,-0.262,423,0.339,0.205,0.184,0.299,0.063
0.1,11.232,10.816,11.304,11.030,-2.647,0.1,-2.55E-03,-2.19E-03,-4.01E-03,1.884,-0.050,0.505,0.2854,0.0320,67,270,1450,760,-0.485,-0.629,-0.486,-0.49471,-0.00478,0.333,-0.377,-0.222,-0.081,0.075,0.524,0.517,0.712,-0.239,423,0.347,0.185,0.176,0.310,0.061
0.15,11.311,10.883,11.402,11.103,-2.634,0.1,-2.55E-03,-2.19E-03,-4.01E-03,1.884,-0.060,0.520,0.2814,0.0325,67,270,1500,760,-0.546,-0.729,-0.499,-0.48583,-0.00460,0.290,-0.290,-0.193,-0.091,0.064,0.510,0.457,0.644,-0.185,423,0.313,0.123,0.164,0.307,0.076
0.2,11.055,10.633,11.183,10.841,-2.583,0.1,-2.55E-03,-2.19E-03,-4.01E-03,1.884,-0.068,0.535,0.2910,0.0306,67,270,1425,760,-0.612,-0.867,-0.533,-0.47383,-0.00434,0.177,-0.192,-0.148,-0.092,0.075,0.501,0.432,0.640,-0.138,423,0.277,0.110,0.163,0.301,0.070
0.25,10.803,10.322,10.965,10.583,-2.539,0.1,-2.55E-03,-2.19E-03,-4.01E-03,1.884,-0.075,0.550,0.2758,0.0306,67,270,1350,760,-0.688,-1.011,-0.592,-0.47696,-0.00402,0.100,-0.035,-0.054,0,0,0.492,0.450,0.633,-0.185,423,0.260,0.119,0.169,0.233,0.077
0.3,10.669,10.116,10.870,10.443,-2.528,0.1,-2.55E-03,-2.19E-03,-4.01E-03,1.884,-0.082,0.565,0.2719,0.0323,67,270,1250,760,-0.748,-1.133,-0.681,-0.48450,-0.00370,0,0,1,0,0,0.492,0.436,0.584,-0.158,423,0.254,0.092,0.159,0.220,0.065
0.4,10.116,9.561,10.411,9.884,-2.452,0.1,-2.55E-03,-2.19E-03,-4.01E-03,1.884,-0.091,0.580,0.2539,0.0302,67,270,1150,760,-0.802,-1.238,-0.772,-0.48105,-0.00342,0,0.050,0.200,0,0,0.492,0.433,0.556,-0.190,423,0.230,0.044,0.158,0.222,0.064
0.5,9.579,8.973,9.901,9.341,-2.384,0.1,-2.55E-03,-2.19E-03,-4.01E-03,1.884,-0.100,0.595,0.2482,0.0295,67,270,1025,760,-0.845,-1.321,-0.838,-0.46492,-0.00322,0,0.100,0.200,0,0,0.492,0.428,0.510,-0.186,423,0.225,0.038,0.160,0.243,0.044
0.75,8.837,8.246,9.335,8.593,-2.338,0.1,-2.11E-03,-1.89E-03,-3.47E-03,1.884,-0.115,0.610,0.2227,0.0266,67,270,900,760,-0.911,-1.383,-0.922,-0.43439,-0.00312,0,0.200,0.125,-0.200,0.012,0.492,0.448,0.471,-0.177,422,0.218,0.040,0.175,0.241,0.040
1,8.067,7.507,8.680,7.817,-2.267,0.1,-1.87E-03,-1.68E-03,-3.09E-03,1.884,-0.134,0.625,0.1969,0.0231,67,270,800,760,-0.926,-1.414,-0.932,-0.38484,-0.00310,0,0.245,0.153,-0.245,0.037,0.492,0.430,0.430,-0.166,422,0.227,0.015,0.195,0.195,0.043
1.5,6.829,6.213,7.581,6.573,-2.166,0.1,-1.54E-03,-1.39E-03,-2.54E-03,1.884,-0.154,0.640,0.1452,0.0118,67,270,760,760,-0.888,-1.430,-0.814,-0.32318,-0.00310,0,0.320,0.200,-0.320,0.064,0.492,0.406,0.406,-0.111,422,0.244,-0.047,0.204,0.204,-0.034
2,5.871,5.206,6.671,5.609,-2.077,0.1,-1.31E-03,-1.18E-03,-2.16E-03,1.884,-0.154,0.655,0.0600,0.0070,67,270,760,760,-0.808,-1.421,-0.725,-0.26577,-0.00310,0,0.370,0.239,-0.280,0.140,0.492,0.393,0.393,0,422,0.231,-0.036,0.196,0.196,-0.036
3,4.830,4.206,5.667,4.556,-2.012,0.1,-9.79E-04,-8.80E-04,-1.61E-03,1.949,-0.154,0.685,0,0,0,270,760,760,-0.669,-1.343,-0.570,-0.17807,-0.00310,0,0.430,0.287,-0.355,0.165,0.492,0.367,0.367,0,419,0.199,-0.030,0.177,0.177,-0.011
4,4.173,3.517,4.970,3.893,-1.989,0.1,-7.45E-04,-6.70E-04,-1.23E-03,2.031,-0.154,0.700,0,0,0,270,760,760,-0.585,-1.297,-0.489,-0.13729,-0.00310,0,0.440,0.303,-0.417,0.163,0.492,0.330,0.330,0,416,0.191,-0.042,0.158,0.158,0.033
5,3.833,3.142,4.592,3.547,-1.998,0.1,-5.64E-04,-5.07E-04,-9.29E-04,2.131,-0.154,0.715,0,0,0,270,760,760,-0.506,-1.233,-0.421,-0.07733,-0.00310,0,0.450,0.321,-0.450,0.132,0.492,0.298,0.298,0,415,0.181,0.005,0.132,0.132,0.014
7.5,3.132,2.391,3.650,2.840,-2.019,0.1,-2.34E-04,-2.10E-04,-3.85E-04,2.185,-0.154,0.730,0,0,0,270,760,760,-0.418,-1.147,-0.357,-0.05443,-0.00310,0,0.406,0.312,-0.350,0.150,0.492,0.254,0.254,0,419,0.181,-0.016,0.113,0.113,0.016
10,2.720,2.031,2.950,2.422,-2.047,0.1,0.00E+00,0.00E+00,0.00E+00,2.350,-0.154,0.745,0,0,0,270,760,760,-0.321,-1.060,-0.302,-0.03313,-0.00310,0,0.345,0.265,-0.331,0.117,0.492,0.231,0.231,0,427,0.181,0.040,0.110,0.110,0.017
