# Pezeshk et al. (2018) M1SS coefficients: median (c1 to c11, log10 units; sigma_reg is not used by nshmp-lib) and aleatory standard deviation (c12 to c25, ln units). Period 0 is PGA.
# Source: USGS nshmp-lib (https://code.usgs.gov/ghsc/nshmp/nshmp-lib), commit 44728a7d, src/main/resources/gmm/coeffs/PZCT18_M1SS.csv and PZCT18_sigmas.csv. nshmp-lib is a work of the U.S. Government and is in the public domain.
period,c1,c2,c3,c4,c5,c6,c7,c8,c9,c10,c11,sigma_reg,c12,c13,c14,c15,c16,c17,c18,c19,c20,c21,c22,c23,c24,c25
0,-2.043e-1,7.805e-1,-8.063e-2,-3.956,3.901e-1,-3.259e-1,8.243e-2,-1.928e+0,2.511e-1,-2.347e-3,-6.368,6.757e-2,4.191e-1,7.699e-1,-7.798e-2,5.518e-1,-3.435e-2,3.596e-1,-4.792e-3,8.376e-1,-2.941e-2,1.880e+0,-2.610e-1,7.848e-1,-4.203e-2,5.116e-1
0.01,4.265e-1,7.075e-1,-7.832e-2,-4.184,4.091e-1,-6.455e-1,1.049e-1,-2.056e+0,2.585e-1,-2.286e-3,6.653,6.683e-2,4.188e-1,7.505e-1,-7.373e-2,5.599e-1,-3.560e-2,3.596e-1,-4.792e-3,8.379e-1,-2.941e-2,1.879e+0,-2.607e-1,7.849e-1,-4.194e-2,5.122e-1
0.02,6.573e-1,6.803e-1,-7.444e-2,-4.088,3.909e-1,-6.327e-1,5.930e-2,-2.645e+0,2.934e-1,-2.045e-3,6.723,7.019e-2,4.245e-1,8.034e-1,-8.422e-2,5.569e-1,-3.493e-2,3.610e-1,-4.790e-3,8.437e-1,-3.016e-2,1.886e+0,-2.617e-1,7.889e-1,-4.235e-2,5.135e-1
0.03,3.420e-1,7.205e-1,-7.437e-2,-3.896,3.729e-1,6.628e-3,-1.971e-2,-2.848e+0,3.026e-1,-2.068e-3,6.523,7.611e-2,4.416e-1,8.784e-1,-9.709e-2,5.701e-1,-3.543e-2,3.716e-1,-4.885e-3,8.685e-1,-3.285e-2,1.925e+0,-2.677e-1,8.097e-1,-4.458e-2,5.198e-1
0.05,-2.608e-1,7.963e-1,-7.698e-2,-3.683,3.639e-1,7.904e-1,-7.123e-2,-2.094e+0,2.232e-1,-2.747e-3,-6.190,8.635e-2,4.725e-1,1.007e+0,-1.187e-1,5.772e-1,-3.286e-2,3.990e-1,-5.444e-3,9.042e-1,-3.566e-2,2.022e+0,-2.841e-1,8.346e-1,-4.660e-2,5.314e-1
0.075,-7.995e-1,9.087e-1,-8.460e-2,-3.587,3.591e-1,6.022e-1,3.520e-3,-1.075e+0,1.398e-1,-3.319e-3,6.105,9.263e-2,4.653e-1,7.718e-1,-6.819e-2,5.843e-1,-3.068e-2,4.219e-1,-5.694e-3,9.021e-1,-3.464e-2,1.967e+0,-2.713e-1,8.363e-1,-4.514e-2,5.425e-1
0.1,-1.391e+0,1.060e+0,-9.486e-2,-3.475,3.439e-1,2.369e-1,6.864e-2,-4.517e-1,8.967e-2,-3.481e-3,6.130,9.041e-2,4.369e-1,4.594e-1,-5.078e-3,5.920e-1,-3.159e-2,4.231e-1,-5.605e-3,8.940e-1,-3.336e-2,1.870e+0,-2.503e-1,8.416e-1,-4.458e-2,5.515e-1
0.15,-2.425e+0,1.322e+0,-1.117e-1,-3.322,3.177e-1,-3.225e-1,1.450e-1,1.825e-1,8.081e-3,-3.216e-3,6.229,8.438e-2,4.080e-1,3.551e-1,1.173e-2,5.802e-1,-3.329e-2,3.962e-1,-4.991e-3,8.847e-1,-3.049e-2,1.855e+0,-2.460e-1,8.345e-1,-4.200e-2,5.613e-1
0.2,-3.243e+0,1.537e+0,-1.262e-1,-3.278,3.062e-1,-5.643e-1,1.689e-1,1.641e-1,-4.100e-3,-2.638e-3,6.366,8.335e-2,3.959e-1,4.398e-1,-9.744e-3,5.797e-1,-3.773e-2,3.650e-1,-4.710e-3,8.709e-1,-2.816e-2,1.770e+0,-2.280e-1,8.313e-1,-4.022e-2,5.698e-1
0.25,-3.858e+0,1.685e+0,-1.361e-1,-3.265,3.024e-1,-6.514e-1,1.742e-1,5.760e-2,-3.273e-3,-2.137e-3,6.331,8.384e-2,3.984e-1,5.748e-1,-3.920e-2,5.773e-1,-3.970e-2,3.497e-1,-4.690e-3,8.477e-1,-2.513e-2,1.689e+0,-2.122e-1,8.126e-1,-3.683e-2,5.732e-1
0.3,-4.240e+0,1.772e+0,-1.419e-1,-3.291,3.053e-1,-6.865e-1,1.736e-1,-6.002e-2,2.221e-3,-1.744e-3,6.318,8.163e-2,4.023e-1,6.887e-1,-6.367e-2,5.822e-1,-4.236e-2,3.372e-1,-4.674e-3,8.101e-1,-2.010e-2,1.475e+0,-1.679e-1,8.021e-1,-3.327e-2,5.858e-1
0.4,-5.013e+0,1.932e+0,-1.501e-1,-3.235,2.919e-1,-6.095e-1,1.481e-1,-3.715e-1,2.499e-2,-1.072e-3,6.493,7.561e-2,4.116e-1,9.150e-1,-1.119e-1,5.601e-1,-4.089e-2,3.246e-1,-4.652e-3,7.563e-1,-1.369e-2,1.155e+0,-1.022e-1,7.894e-1,-2.917e-2,5.998e-1
0.5,-5.441e+0,2.005e+0,-1.532e-1,-3.232,2.888e-1,-5.287e-1,1.262e-1,-6.771e-1,5.550e-2,-6.642e-4,6.558,6.897e-2,4.252e-1,1.026e+0,-1.336e-1,5.582e-1,-3.995e-2,3.286e-1,-4.637e-3,7.192e-1,-9.542e-3,9.129e-1,-5.258e-2,7.771e-1,-2.542e-2,6.118e-1
0.75,-6.085e+0,2.070e+0,-1.533e-1,-3.201,2.863e-1,-4.266e-1,1.014e-1,-9.856e-1,8.410e-2,-3.040e-4,6.303,6.329e-2,4.507e-1,1.017e+0,-1.258e-1,5.933e-1,-4.109e-2,3.562e-1,-4.613e-3,6.487e-1,-2.016e-3,5.115e-1,2.847e-2,7.394e-1,-1.711e-2,6.281e-1
1.0,-6.446e+0,2.077e+0,-1.498e-1,-3.165,2.814e-1,-3.605e-1,8.293e-2,-1.113e+0,9.241e-2,-1.857e-4,6.187,6.259e-2,4.716e-1,1.092e+0,-1.378e-1,6.055e-1,-4.057e-2,3.718e-1,-4.602e-3,6.028e-1,2.617e-3,3.564e-1,5.736e-2,6.813e-1,-7.617e-3,6.318e-1
1.5,-6.727e+0,1.992e+0,-1.381e-1,-3.132,2.848e-1,-2.712e-1,6.172e-2,-1.272e+0,1.104e-1,-4.798e-5,5.818,6.435e-2,4.859e-1,1.053e+0,-1.260e-1,6.367e-1,-4.277e-2,3.886e-1,-4.601e-3,5.479e-1,7.745e-3,2.408e-1,7.599e-2,5.958e-1,4.986e-3,6.282e-1
2.0,-6.801e+0,1.907e+0,-1.289e-1,-3.162,2.935e-1,-2.309e-1,4.892e-2,-1.438e+0,1.316e-1,-3.612e-6,5.655,6.504e-2,4.886e-1,1.051e+0,-1.250e-1,6.359e-1,-4.197e-2,3.932e-1,-4.625e-3,5.176e-1,1.187e-2,2.150e-1,7.910e-2,5.574e-1,1.063e-2,6.264e-1
3.0,-6.740e+0,1.729e+0,-1.104e-1,-3.199,3.019e-1,-1.443e-1,2.933e-2,-1.619e+0,1.535e-1,1.309e-5,-5.447,6.739e-2,4.907e-1,9.880e-1,-1.105e-1,6.469e-1,-4.229e-2,4.021e-1,-4.627e-3,5.156e-1,1.149e-2,2.479e-1,7.098e-2,5.505e-1,1.046e-2,6.185e-1
4.0,-6.638e+0,1.589e+0,-9.647e-2,-3.220,3.074e-1,-1.276e-1,2.714e-2,-1.575e+0,1.411e-1,-4.202e-5,-5.592,6.594e-2,5.033e-1,1.228e+0,-1.610e-1,6.062e-1,-3.667e-2,3.977e-1,-4.590e-3,5.005e-1,1.287e-2,2.822e-1,6.137e-2,5.287e-1,1.208e-2,6.072e-1
5.0,-6.726e+0,1.536e+0,-8.978e-2,-3.231,3.089e-1,-1.063e-1,2.324e-2,-1.572e+0,1.354e-1,-9.189e-5,5.726,6.501e-2,4.986e-1,1.102e+0,-1.340e-1,6.311e-1,-3.990e-2,4.015e-1,-4.583e-3,4.748e-1,1.563e-2,2.037e-1,7.588e-2,5.122e-1,1.417e-2,6.043e-1
7.5,-7.194e+0,1.514e+0,-8.441e-2,-3.236,3.170e-1,-1.766e-2,1.731e-2,-1.658e+0,1.494e-1,-1.369e-4,5.846,6.265e-2,4.910e-1,1.049e+0,-1.240e-1,6.579e-1,-4.578e-2,3.901e-1,-4.583e-3,4.211e-1,2.163e-2,-1.653e-2,1.189e-1,4.920e-1,1.717e-2,6.036e-1
10.0,-7.507e+0,1.522e+0,-8.393e-2,-3.290,3.257e-1,1.807e-1,-3.022e-3,-1.615e+0,1.461e-1,-1.939e-4,5.701,6.838e-2,4.711e-1,8.445e-1,-8.300e-2,6.848e-1,-5.105e-2,3.828e-1,-4.583e-3,3.946e-1,2.512e-2,-5.540e-2,1.251e-1,4.898e-1,1.609e-2,5.944e-1
