# Pezeshk et al. (2018) M2ES coefficients: median (c1 to c11, log10 units; sigma_reg is not used by nshmp-lib) and aleatory standard deviation (c12 to c25, ln units). Period 0 is PGA.
# Source: USGS nshmp-lib (https://code.usgs.gov/ghsc/nshmp/nshmp-lib), commit 44728a7d, src/main/resources/gmm/coeffs/PZCT18_M2ES.csv and PZCT18_sigmas.csv. nshmp-lib is a work of the U.S. Government and is in the public domain.
period,c1,c2,c3,c4,c5,c6,c7,c8,c9,c10,c11,sigma_reg,c12,c13,c14,c15,c16,c17,c18,c19,c20,c21,c22,c23,c24,c25
0,-7.655e-1,8.994e-1,-7.874e-2,-3.534,2.948e-1,-4.799e-1,1.178e-1,-2.182e+0,3.029e-1,-2.327e-3,6.461,5.836e-2,4.191e-1,7.699e-1,-7.798e-2,5.518e-1,-3.435e-2,3.596e-1,-4.792e-3,8.376e-1,-2.941e-2,1.880e+0,-2.610e-1,7.848e-1,-4.203e-2,5.116e-1
0.01,-1.871e-1,8.314e-1,-7.503e-2,-3.714,3.030e-1,-7.793e-1,1.360e-1,-2.307e+0,3.093e-1,-2.263e-3,6.745,5.637e-2,4.188e-1,7.505e-1,-7.373e-2,5.599e-1,-3.560e-2,3.596e-1,-4.792e-3,8.379e-1,-2.941e-2,1.879e+0,-2.607e-1,7.849e-1,-4.194e-2,5.122e-1
0.02,8.387e-2,7.934e-1,-7.073e-2,-3.641,2.898e-1,-7.692e-1,9.124e-2,-2.885e+0,3.399e-1,-2.013e-3,6.814,5.774e-2,4.245e-1,8.034e-1,-8.422e-2,5.569e-1,-3.493e-2,3.610e-1,-4.790e-3,8.437e-1,-3.016e-2,1.886e+0,-2.617e-1,7.889e-1,-4.235e-2,5.135e-1
0.03,-1.786e-1,8.256e-1,-7.148e-2,-3.489,2.809e-1,-1.806e-1,2.319e-2,-3.072e+0,3.469e-1,-2.043e-3,6.616,6.483e-2,4.416e-1,8.784e-1,-9.709e-2,5.701e-1,-3.543e-2,3.716e-1,-4.885e-3,8.685e-1,-3.285e-2,1.925e+0,-2.677e-1,8.097e-1,-4.458e-2,5.198e-1
0.05,-7.246e-1,8.959e-1,-7.568e-2,-3.325,2.831e-1,5.318e-1,-1.344e-2,-2.301e+0,2.693e-1,-2.751e-3,6.278,8.156e-2,4.725e-1,1.007e+0,-1.187e-1,5.772e-1,-3.286e-2,3.990e-1,-5.444e-3,9.042e-1,-3.566e-2,2.022e+0,-2.841e-1,8.346e-1,-4.660e-2,5.314e-1
0.075,-1.255e+0,1.009e+0,-8.397e-2,-3.237,2.809e-1,3.432e-1,6.065e-2,-1.289e+0,1.932e-1,-3.352e-3,6.184,9.085e-2,4.653e-1,7.718e-1,-6.819e-2,5.843e-1,-3.068e-2,4.219e-1,-5.694e-3,9.021e-1,-3.464e-2,1.967e+0,-2.713e-1,8.363e-1,-4.514e-2,5.425e-1
0.1,-1.849e+0,1.160e+0,-9.436e-2,-3.125,2.660e-1,1.611e-2,1.168e-1,-6.970e-1,1.511e-1,-3.519e-3,-6.205,8.908e-2,4.369e-1,4.594e-1,-5.078e-3,5.920e-1,-3.159e-2,4.231e-1,-5.605e-3,8.940e-1,-3.336e-2,1.870e+0,-2.503e-1,8.416e-1,-4.458e-2,5.515e-1
0.15,-2.862e+0,1.418e+0,-1.110e-1,-2.985,2.416e-1,-4.494e-1,1.736e-1,-1.474e-1,8.225e-2,-3.224e-3,-6.322,8.524e-2,4.080e-1,3.551e-1,1.173e-2,5.802e-1,-3.329e-2,3.962e-1,-4.991e-3,8.847e-1,-3.049e-2,1.855e+0,-2.460e-1,8.345e-1,-4.200e-2,5.613e-1
0.2,-3.666e+0,1.632e+0,-1.256e-1,-2.952,2.313e-1,-6.274e-1,1.847e-1,-2.470e-1,7.741e-2,-2.591e-3,6.479,8.309e-2,3.959e-1,4.398e-1,-9.744e-3,5.797e-1,-3.773e-2,3.650e-1,-4.710e-3,8.709e-1,-2.816e-2,1.770e+0,-2.280e-1,8.313e-1,-4.022e-2,5.698e-1
0.25,-4.260e+0,1.777e+0,-1.355e-1,-2.955,2.298e-1,-6.681e-1,1.811e-1,-4.060e-1,8.046e-2,-2.041e-3,6.470,8.142e-2,3.984e-1,5.748e-1,-3.920e-2,5.773e-1,-3.970e-2,3.497e-1,-4.690e-3,8.477e-1,-2.513e-2,1.689e+0,-2.122e-1,8.126e-1,-3.683e-2,5.732e-1
0.3,-4.630e+0,1.864e+0,-1.416e-1,-2.995,2.347e-1,-6.775e-1,1.760e-1,-5.479e-1,8.473e-2,-1.614e-3,6.475,7.692e-2,4.023e-1,6.887e-1,-6.367e-2,5.822e-1,-4.236e-2,3.372e-1,-4.674e-3,8.101e-1,-2.010e-2,1.475e+0,-1.679e-1,8.021e-1,-3.327e-2,5.858e-1
0.4,-5.407e+0,2.029e+0,-1.506e-1,-2.950,2.231e-1,-5.911e-1,1.492e-1,-8.400e-1,9.921e-2,-9.231e-4,6.667,6.876e-2,4.116e-1,9.150e-1,-1.119e-1,5.601e-1,-4.089e-2,3.246e-1,-4.652e-3,7.563e-1,-1.369e-2,1.155e+0,-1.022e-1,7.894e-1,-2.917e-2,5.998e-1
0.5,-5.843e+0,2.108e+0,-1.545e-1,-2.956,2.222e-1,-5.227e-1,1.298e-1,-1.086e+0,1.194e-1,-5.303e-4,6.733,6.338e-2,4.252e-1,1.026e+0,-1.336e-1,5.582e-1,-3.995e-2,3.286e-1,-4.637e-3,7.192e-1,-9.542e-3,9.129e-1,-5.258e-2,7.771e-1,-2.542e-2,6.118e-1
0.75,-6.499e+0,2.185e+0,-1.570e-1,-2.948,2.259e-1,-4.594e-1,1.120e-1,-1.252e+0,1.284e-1,-2.316e-4,6.466,6.348e-2,4.507e-1,1.017e+0,-1.258e-1,5.933e-1,-4.109e-2,3.562e-1,-4.613e-3,6.487e-1,-2.016e-3,5.115e-1,2.847e-2,7.394e-1,-1.711e-2,6.281e-1
1.0,-6.869e+0,2.204e+0,-1.557e-1,-2.933,2.261e-1,-4.044e-1,9.553e-2,-1.297e+0,1.260e-1,-1.516e-4,6.356,6.575e-2,4.716e-1,1.092e+0,-1.378e-1,6.055e-1,-4.057e-2,3.718e-1,-4.602e-3,6.028e-1,2.617e-3,3.564e-1,5.736e-2,6.813e-1,-7.617e-3,6.318e-1
1.5,-7.172e+0,2.143e+0,-1.484e-1,-2.940,2.387e-1,-3.053e-1,7.187e-2,-1.386e+0,1.337e-1,-4.130e-5,5.986,6.896e-2,4.859e-1,1.053e+0,-1.260e-1,6.367e-1,-4.277e-2,3.886e-1,-4.601e-3,5.479e-1,7.745e-3,2.408e-1,7.599e-2,5.958e-1,4.986e-3,6.282e-1
2.0,-7.287e+0,2.085e+0,-1.431e-1,-2.994,2.533e-1,-2.546e-1,5.605e-2,-1.519e+0,1.494e-1,-5.530e-6,-5.806,6.909e-2,4.886e-1,1.051e+0,-1.250e-1,6.359e-1,-4.197e-2,3.932e-1,-4.625e-3,5.176e-1,1.187e-2,2.150e-1,7.910e-2,5.574e-1,1.063e-2,6.264e-1
3.0,-7.345e+0,1.957e+0,-1.300e-1,-3.039,2.649e-1,-1.506e-1,3.184e-2,-1.668e+0,1.648e-1,7.650e-6,-5.528,7.060e-2,4.907e-1,9.880e-1,-1.105e-1,6.469e-1,-4.229e-2,4.021e-1,-4.627e-3,5.156e-1,1.149e-2,2.479e-1,7.098e-2,5.505e-1,1.046e-2,6.185e-1
4.0,-7.387e+0,1.860e+0,-1.191e-1,-3.023,2.637e-1,-1.514e-1,3.288e-2,-1.603e+0,1.473e-1,-4.230e-5,-5.596,7.011e-2,5.033e-1,1.228e+0,-1.610e-1,6.062e-1,-3.667e-2,3.977e-1,-4.590e-3,5.005e-1,1.287e-2,2.822e-1,6.137e-2,5.287e-1,1.208e-2,6.072e-1
5.0,-7.607e+0,1.839e+0,-1.135e-1,-2.980,2.545e-1,-1.600e-1,3.506e-2,-1.583e+0,1.374e-1,-9.030e-5,-5.663,7.060e-2,4.986e-1,1.102e+0,-1.340e-1,6.311e-1,-3.990e-2,4.015e-1,-4.583e-3,4.748e-1,1.563e-2,2.037e-1,7.588e-2,5.122e-1,1.417e-2,6.043e-1
7.5,-8.251e+0,1.851e+0,-1.072e-1,-2.879,2.403e-1,-1.687e-1,5.017e-2,-1.643e+0,1.455e-1,-1.330e-4,-5.721,6.987e-2,4.910e-1,1.049e+0,-1.240e-1,6.579e-1,-4.578e-2,3.901e-1,-4.583e-3,4.211e-1,2.163e-2,-1.653e-2,1.189e-1,4.920e-1,1.717e-2,6.036e-1
10.0,-8.581e+0,1.850e+0,-1.039e-1,-2.876,2.362e-1,-8.466e-2,5.500e-2,-1.599e+0,1.450e-1,-2.047e-4,5.604,7.538e-2,4.711e-1,8.445e-1,-8.300e-2,6.848e-1,-5.105e-2,3.828e-1,-4.583e-3,3.946e-1,2.512e-2,-5.540e-2,1.251e-1,4.898e-1,1.609e-2,5.944e-1
